timestamp,unit_id,unit_type,empire_or_resistance,location_x,location_y,destination_x,destination_y,homeworld
2024-07-11 09:33:30,1,resistance_soldier,resistance,7,7,9,6,Trandosha
2024-07-11 09:33:29,2,unknown,empire,8,3,4,5,Serenno
2024-07-11 09:33:28,3,at-st,empire,6,2,5,5,Shili
2024-07-11 09:33:27,4,resistance_soldier,resistance,5,4,1,4,Iktotch
2024-07-11 09:33:26,5,resistance_soldier,empire,10,3,4,10,Stewjon
2024-07-11 09:33:25,6,x-wing,resistance,5,10,7,3,Zolan
2024-07-11 09:33:24,7,x-wing,empire,9,10,4,4,Shili
2024-07-11 09:33:23,8,stormtrooper,resistance,7,10,7,9,Mirial
2024-07-11 09:33:22,9,x-wing,empire,6,4,5,2,Zolan
2024-07-11 09:33:21,10,unknown,empire,5,3,6,5,Mirial
2024-07-11 09:33:20,11,tie_silencer,empire,9,8,3,9,Tatooine
2024-07-11 09:33:19,12,stormtrooper,empire,2,9,2,10,Malastare
2024-07-11 09:33:18,13,tie_fighter,empire,7,1,5,6,Ojom
2024-07-11 09:33:17,14,at-at,resistance,1,4,1,5,Malastare
2024-07-11 09:33:16,15,tie_silencer,resistance,4,7,2,7,Toydaria
2024-07-11 09:33:15,16,stormtrooper,resistance,3,7,6,5,Naboo
2024-07-11 09:33:14,17,unknown,empire,2,3,9,6,Toydaria
2024-07-11 09:33:13,18,x-wing,resistance,3,4,10,9,Toydaria
2024-07-11 09:33:12,19,x-wing,resistance,7,7,4,3,Naboo
2024-07-11 09:33:11,20,unknown,resistance,8,4,10,9,Toydaria
2024-07-11 09:33:10,21,resistance_soldier,empire,6,3,2,1,Skako
2024-07-11 09:33:09,22,tie_silencer,empire,5,8,4,6,Corellia
2024-07-11 09:33:08,23,tie_fighter,empire,4,1,1,5,Bestine IV
2024-07-11 09:33:07,24,resistance_soldier,empire,7,9,8,5,Iridonia
2024-07-11 09:33:06,25,at-at,empire,9,10,10,10,Glee Anselm
2024-07-11 09:33:05,26,stormtrooper,resistance,10,6,9,7,Aleen Minor
2024-07-11 09:33:04,27,stormtrooper,resistance,3,2,3,9,Muunilinst
2024-07-11 09:33:03,28,tie_silencer,resistance,6,2,4,10,Dathomir
2024-07-11 09:33:02,29,tie_silencer,resistance,4,5,8,9,Bestine IV
2024-07-11 09:33:01,30,unknown,empire,7,9,1,8,Champala
2024-07-11 09:33:00,31,tie_fighter,empire,3,2,9,2,Iktotch
2024-07-11 09:32:59,32,at-st,resistance,10,1,6,5,Muunilinst
2024-07-11 09:32:58,33,tie_fighter,empire,6,2,8,6,Troiken
2024-07-11 09:32:57,34,x-wing,empire,4,9,3,4,Mon Cala
2024-07-11 09:32:56,35,at-st,resistance,5,5,10,2,Tund
2024-07-11 09:32:55,36,x-wing,empire,5,2,6,7,Toydaria
2024-07-11 09:32:54,37,resistance_soldier,resistance,2,7,10,1,Mon Cala
2024-07-11 09:32:53,38,unknown,empire,10,9,3,3,Tholoth
2024-07-11 09:32:52,39,resistance_soldier,resistance,10,2,3,7,Corellia
2024-07-11 09:32:51,40,x-wing,empire,6,10,1,4,Serenno
2024-07-11 09:32:50,41,stormtrooper,resistance,1,5,8,5,Tund
2024-07-11 09:32:49,42,x-wing,empire,10,2,4,4,Vulpter
2024-07-11 09:32:48,43,tie_fighter,empire,7,5,5,1,Kalee
2024-07-11 09:32:47,44,unknown,resistance,1,8,9,5,Tholoth
2024-07-11 09:32:46,45,resistance_soldier,resistance,5,4,5,1,Troiken
2024-07-11 09:32:45,46,stormtrooper,empire,10,10,8,7,Tholoth
2024-07-11 09:32:44,47,x-wing,empire,6,9,6,6,Socorro
2024-07-11 09:32:43,48,unknown,resistance,3,5,5,6,Stewjon
2024-07-11 09:32:42,49,at-at,resistance,8,1,8,2,Dagobah
2024-07-11 09:32:41,50,at-at,resistance,6,10,9,2,Ojom
2024-07-11 09:32:40,51,x-wing,resistance,5,9,7,2,Eriadu
2024-07-11 09:32:39,52,at-at,empire,7,8,6,1,Alderaan
2024-07-11 09:32:38,53,resistance_soldier,resistance,8,10,9,9,Stewjon
2024-07-11 09:32:37,54,stormtrooper,resistance,7,2,1,7,Vulpter
2024-07-11 09:32:36,55,x-wing,resistance,6,8,4,4,Stewjon
2024-07-11 09:32:35,56,unknown,empire,7,8,2,9,Alderaan
2024-07-11 09:32:34,57,resistance_soldier,resistance,1,4,1,10,Cerea
2024-07-11 09:32:33,58,x-wing,empire,8,8,3,3,Rodia
2024-07-11 09:32:32,59,tie_silencer,empire,3,5,8,7,Corellia
2024-07-11 09:32:31,60,at-st,empire,7,10,6,9,Malastare
2024-07-11 09:32:30,61,stormtrooper,resistance,10,6,5,3,Toydaria
2024-07-11 09:32:29,62,resistance_soldier,resistance,4,3,2,7,Tholoth
2024-07-11 09:32:28,63,tie_fighter,empire,4,6,9,9,Kashyyyk
2024-07-11 09:32:27,64,stormtrooper,empire,10,5,5,5,Tund
2024-07-11 09:32:26,65,resistance_soldier,empire,8,7,6,8,Stewjon
2024-07-11 09:32:25,66,stormtrooper,empire,1,1,2,2,Ojom
2024-07-11 09:32:24,67,tie_silencer,empire,3,8,8,8,Cerea
2024-07-11 09:32:23,68,x-wing,empire,8,7,2,2,Zolan
2024-07-11 09:32:22,69,at-at,empire,3,5,7,6,Chandrila
2024-07-11 09:32:21,70,x-wing,empire,7,5,9,8,Umbara
2024-07-11 09:32:20,71,unknown,empire,4,1,10,8,Kashyyyk
2024-07-11 09:32:19,72,tie_fighter,resistance,7,3,7,5,Toydaria
2024-07-11 09:32:18,73,resistance_soldier,resistance,6,9,2,10,Muunilinst
2024-07-11 09:32:17,74,resistance_soldier,empire,4,8,1,5,Iktotch
2024-07-11 09:32:16,75,at-st,empire,10,9,4,9,Concord Dawn
2024-07-11 09:32:15,76,at-st,resistance,9,1,7,7,Rodia
2024-07-11 09:32:14,77,resistance_soldier,empire,8,7,3,3,Haruun Kal
2024-07-11 09:32:13,78,stormtrooper,empire,6,9,7,2,Ojom
2024-07-11 09:32:12,79,unknown,empire,6,9,9,2,Malastare
2024-07-11 09:32:11,80,unknown,resistance,4,10,10,2,Tund
2024-07-11 09:32:10,81,resistance_soldier,empire,7,7,5,10,Eriadu
2024-07-11 09:32:09,82,stormtrooper,empire,7,3,1,9,Vulpter
2024-07-11 09:32:08,83,unknown,resistance,7,4,3,5,Naboo
2024-07-11 09:32:07,84,resistance_soldier,resistance,10,2,10,1,Umbara
2024-07-11 09:32:06,85,unknown,empire,8,9,5,2,Champala
2024-07-11 09:32:05,86,unknown,resistance,6,10,4,2,Ojom
2024-07-11 09:32:04,87,resistance_soldier,resistance,3,9,6,9,Toydaria
2024-07-11 09:32:03,88,tie_fighter,resistance,1,1,6,10,Troiken
2024-07-11 09:32:02,89,resistance_soldier,resistance,2,10,9,8,Kalee
2024-07-11 09:32:01,90,at-st,resistance,5,1,10,8,Socorro
2024-07-11 09:32:00,91,stormtrooper,resistance,6,5,7,4,Tholoth
2024-07-11 09:31:59,92,at-st,empire,4,4,1,1,Iridonia
2024-07-11 09:31:58,93,tie_silencer,resistance,10,7,6,9,Corellia
2024-07-11 09:31:57,94,at-at,resistance,8,7,1,2,Concord Dawn
2024-07-11 09:31:56,95,at-at,resistance,2,4,3,9,Kashyyyk
2024-07-11 09:31:55,96,at-at,resistance,8,8,8,1,Ryloth
2024-07-11 09:31:54,97,stormtrooper,empire,6,10,7,3,Mirial
2024-07-11 09:31:53,98,stormtrooper,empire,4,3,4,6,Tund
2024-07-11 09:31:52,99,tie_silencer,resistance,9,10,8,10,Kalee
2024-07-11 09:31:51,100,unknown,resistance,5,2,3,2,Ojom
2024-07-11 09:31:50,101,x-wing,resistance,7,8,2,6,Dorin
2024-07-11 09:31:49,102,unknown,empire,1,7,7,2,Toydaria
2024-07-11 09:31:48,103,unknown,empire,9,1,2,10,Alderaan
2024-07-11 09:31:47,104,unknown,resistance,9,3,10,10,Alderaan
2024-07-11 09:31:46,105,tie_fighter,resistance,7,10,2,9,Skako
2024-07-11 09:31:45,106,tie_fighter,empire,2,5,9,10,Serenno
2024-07-11 09:31:44,107,at-at,empire,5,1,5,7,Corellia
2024-07-11 09:31:43,108,tie_fighter,resistance,5,4,6,1,Troiken
2024-07-11 09:31:42,109,tie_silencer,empire,6,9,10,2,Glee Anselm
2024-07-11 09:31:41,110,unknown,empire,9,6,9,7,Dagobah
2024-07-11 09:31:40,111,x-wing,resistance,4,4,2,6,Bestine IV
2024-07-11 09:31:39,112,tie_silencer,empire,3,2,3,9,Quermia
2024-07-11 09:31:38,113,at-at,empire,5,6,8,9,Quermia
2024-07-11 09:31:37,114,at-at,resistance,2,5,10,8,Tatooine
2024-07-11 09:31:36,115,at-at,resistance,2,9,9,4,Umbara
2024-07-11 09:31:35,116,at-st,empire,8,2,6,7,Bestine IV
2024-07-11 09:31:34,117,stormtrooper,resistance,3,10,8,5,Umbara
2024-07-11 09:31:33,118,unknown,empire,7,8,10,5,Tund
2024-07-11 09:31:32,119,unknown,resistance,5,3,8,1,Haruun Kal
2024-07-11 09:31:31,120,unknown,resistance,10,2,3,6,Cerea
2024-07-11 09:31:30,121,at-at,resistance,9,9,1,10,Tholoth
2024-07-11 09:31:29,122,resistance_soldier,resistance,2,2,7,4,Shili
2024-07-11 09:31:28,123,x-wing,resistance,4,6,1,3,Ryloth
2024-07-11 09:31:27,124,at-st,empire,9,9,3,4,Concord Dawn
2024-07-11 09:31:26,125,resistance_soldier,resistance,7,2,9,3,Toydaria
2024-07-11 09:31:25,126,tie_fighter,resistance,5,9,3,7,Skako
2024-07-11 09:31:24,127,at-at,empire,2,9,4,8,Kashyyyk
2024-07-11 09:31:23,128,x-wing,empire,1,9,5,4,Troiken
2024-07-11 09:31:22,129,unknown,empire,4,6,6,8,Malastare
2024-07-11 09:31:21,130,at-at,empire,3,10,4,1,Tund
2024-07-11 09:31:20,131,at-at,empire,6,8,4,6,Kashyyyk
2024-07-11 09:31:19,132,tie_silencer,empire,1,1,1,3,Muunilinst
2024-07-11 09:31:18,133,tie_silencer,empire,10,8,3,10,Naboo
2024-07-11 09:31:17,134,x-wing,resistance,2,3,8,4,Rodia
2024-07-11 09:31:16,135,resistance_soldier,empire,1,1,1,9,Shili
2024-07-11 09:31:15,136,tie_fighter,empire,3,3,4,10,Sullust
2024-07-11 09:31:14,137,resistance_soldier,empire,10,10,6,7,Dathomir
2024-07-11 09:31:13,138,tie_silencer,empire,1,9,1,9,Tholoth
2024-07-11 09:31:12,139,resistance_soldier,resistance,3,2,4,10,Rodia
2024-07-11 09:31:11,140,tie_fighter,resistance,2,8,9,6,Serenno
2024-07-11 09:31:10,141,stormtrooper,resistance,8,6,2,2,Tund
2024-07-11 09:31:09,142,at-at,empire,4,8,5,3,Ryloth
2024-07-11 09:31:08,143,at-at,empire,3,4,9,8,Toydaria
2024-07-11 09:31:07,144,resistance_soldier,empire,2,6,9,4,Socorro
2024-07-11 09:31:06,145,unknown,empire,6,4,9,3,Aleen Minor
2024-07-11 09:31:05,146,x-wing,empire,5,9,8,4,Alderaan
2024-07-11 09:31:04,147,x-wing,resistance,1,9,3,4,Umbara
2024-07-11 09:31:03,148,tie_silencer,empire,8,8,10,7,Dathomir
2024-07-11 09:31:02,149,tie_fighter,empire,8,6,10,8,Muunilinst
2024-07-11 09:31:01,150,tie_silencer,resistance,10,1,1,4,Kalee
2024-07-11 09:31:00,151,tie_silencer,resistance,7,10,1,8,Troiken
2024-07-11 09:30:59,152,resistance_soldier,resistance,5,5,2,6,Stewjon
2024-07-11 09:30:58,153,at-at,resistance,4,10,10,4,Rodia
2024-07-11 09:30:57,154,tie_fighter,empire,9,10,1,5,Troiken
2024-07-11 09:30:56,155,tie_fighter,resistance,1,1,9,9,Iktotch
2024-07-11 09:30:55,156,stormtrooper,empire,6,8,5,4,Socorro
2024-07-11 09:30:54,157,at-at,resistance,8,2,4,6,Alderaan
2024-07-11 09:30:53,158,at-at,empire,2,3,1,8,Tund
2024-07-11 09:30:52,159,tie_silencer,empire,6,8,6,3,Ryloth
2024-07-11 09:30:51,160,unknown,resistance,9,7,6,2,Toydaria
2024-07-11 09:30:50,161,at-st,resistance,3,10,7,1,Aleen Minor
2024-07-11 09:30:49,162,stormtrooper,empire,6,9,5,8,Tholoth
2024-07-11 09:30:48,163,at-st,empire,8,2,8,10,Chandrila
2024-07-11 09:30:47,164,x-wing,empire,8,1,6,9,Iridonia
2024-07-11 09:30:46,165,at-at,resistance,10,1,1,5,Glee Anselm
2024-07-11 09:30:45,166,tie_fighter,empire,10,3,7,6,Dagobah
2024-07-11 09:30:44,167,at-st,empire,2,8,9,2,Bestine IV
2024-07-11 09:30:43,168,tie_silencer,resistance,8,4,1,2,Iridonia
2024-07-11 09:30:42,169,at-at,resistance,9,2,1,7,Mirial
2024-07-11 09:30:41,170,tie_fighter,empire,2,8,1,6,Rodia
2024-07-11 09:30:40,171,at-at,resistance,5,3,10,10,Champala
2024-07-11 09:30:39,172,at-st,resistance,5,9,2,6,Chandrila
2024-07-11 09:30:38,173,tie_silencer,empire,1,8,1,2,Alderaan
2024-07-11 09:30:37,174,tie_silencer,empire,2,4,4,9,Eriadu
2024-07-11 09:30:36,175,tie_silencer,empire,10,10,10,9,Aleen Minor
2024-07-11 09:30:35,176,tie_fighter,empire,3,10,2,6,Stewjon
2024-07-11 09:30:34,177,resistance_soldier,resistance,10,3,6,3,Socorro
2024-07-11 09:30:33,178,resistance_soldier,resistance,2,7,4,4,Ojom
2024-07-11 09:30:32,179,at-at,empire,8,7,4,7,Corellia
2024-07-11 09:30:31,180,x-wing,resistance,9,10,7,9,Rodia
2024-07-11 09:30:30,181,resistance_soldier,empire,6,5,5,6,Mirial
2024-07-11 09:30:29,182,unknown,resistance,7,5,2,7,Umbara
2024-07-11 09:30:28,183,resistance_soldier,empire,10,7,3,4,Cerea
2024-07-11 09:30:27,184,resistance_soldier,resistance,10,4,10,8,Dagobah
2024-07-11 09:30:26,185,at-at,empire,7,8,4,10,Corellia
2024-07-11 09:30:25,186,x-wing,empire,7,1,7,4,Dagobah
2024-07-11 09:30:24,187,unknown,resistance,7,4,5,4,Naboo
2024-07-11 09:30:23,188,unknown,resistance,2,2,8,7,Ojom
2024-07-11 09:30:22,189,x-wing,empire,2,8,4,1,Tund
2024-07-11 09:30:21,190,at-at,resistance,1,8,10,7,Zolan
2024-07-11 09:30:20,191,tie_fighter,empire,5,3,7,2,Ojom
2024-07-11 09:30:19,192,tie_fighter,empire,6,9,6,7,Naboo
2024-07-11 09:30:18,193,at-at,empire,9,3,7,6,Mirial
2024-07-11 09:30:17,194,x-wing,empire,4,3,2,2,Iktotch
2024-07-11 09:30:16,195,at-st,empire,3,6,2,5,Bestine IV
2024-07-11 09:30:15,196,unknown,resistance,9,2,9,9,Toydaria
2024-07-11 09:30:14,197,stormtrooper,resistance,10,1,9,3,Haruun Kal
2024-07-11 09:30:13,198,x-wing,empire,6,5,2,9,Tatooine
2024-07-11 09:30:12,199,tie_silencer,empire,5,6,3,9,Ryloth
2024-07-11 09:30:11,200,at-at,resistance,4,1,9,5,Chandrila
2024-07-11 09:30:10,201,at-st,resistance,4,5,1,1,Glee Anselm
2024-07-11 09:30:09,202,unknown,resistance,4,3,9,7,Rodia
2024-07-11 09:30:08,203,stormtrooper,resistance,4,8,1,6,Malastare
2024-07-11 09:30:07,204,tie_fighter,resistance,4,4,5,9,Toydaria
2024-07-11 09:30:06,205,at-st,empire,4,8,9,7,Zolan
2024-07-11 09:30:05,206,tie_fighter,resistance,2,9,1,3,Kashyyyk
2024-07-11 09:30:04,207,x-wing,resistance,10,6,2,8,Alderaan
2024-07-11 09:30:03,208,stormtrooper,resistance,2,6,3,1,Haruun Kal
2024-07-11 09:30:02,209,at-at,resistance,8,6,9,1,Vulpter
2024-07-11 09:30:01,210,tie_fighter,resistance,3,8,5,6,Zolan
2024-07-11 09:30:00,211,at-st,resistance,3,7,5,3,Troiken
2024-07-11 09:29:59,212,at-st,resistance,4,2,2,8,Concord Dawn
2024-07-11 09:29:58,213,resistance_soldier,empire,3,3,4,10,Mon Cala
2024-07-11 09:29:57,214,stormtrooper,empire,4,8,1,9,Champala
2024-07-11 09:29:56,215,stormtrooper,empire,8,2,9,4,Dathomir
2024-07-11 09:29:55,216,tie_fighter,empire,3,5,8,9,Mon Cala
2024-07-11 09:29:54,217,stormtrooper,empire,5,5,10,7,Alderaan
2024-07-11 09:29:53,218,x-wing,empire,9,8,1,5,Mirial
2024-07-11 09:29:52,219,x-wing,empire,4,2,9,8,Mon Cala
2024-07-11 09:29:51,220,at-st,empire,7,8,3,8,Serenno
2024-07-11 09:29:50,221,at-at,empire,8,7,4,1,Trandosha
2024-07-11 09:29:49,222,resistance_soldier,empire,6,4,8,3,Aleen Minor
2024-07-11 09:29:48,223,at-st,empire,10,1,1,5,Sullust
2024-07-11 09:29:47,224,tie_silencer,resistance,5,6,10,3,Iktotch
2024-07-11 09:29:46,225,tie_silencer,resistance,6,5,9,6,Mirial
2024-07-11 09:29:45,226,resistance_soldier,empire,8,9,8,6,Tatooine
2024-07-11 09:29:44,227,stormtrooper,resistance,6,5,8,4,Tatooine
2024-07-11 09:29:43,228,unknown,resistance,3,8,7,2,Aleen Minor
2024-07-11 09:29:42,229,at-st,empire,10,1,10,3,Mirial
2024-07-11 09:29:41,230,x-wing,empire,8,3,8,4,Rodia
2024-07-11 09:29:40,231,tie_fighter,resistance,2,5,2,9,Tund
2024-07-11 09:29:39,232,x-wing,empire,2,8,2,10,Shili
2024-07-11 09:29:38,233,stormtrooper,resistance,9,4,6,8,Troiken
2024-07-11 09:29:37,234,stormtrooper,resistance,7,5,3,5,Rodia
2024-07-11 09:29:36,235,resistance_soldier,empire,9,2,4,8,Socorro
2024-07-11 09:29:35,236,stormtrooper,empire,3,9,1,6,Eriadu
2024-07-11 09:29:34,237,tie_silencer,resistance,7,7,8,6,Chandrila
2024-07-11 09:29:33,238,tie_silencer,resistance,10,2,9,6,Stewjon
2024-07-11 09:29:32,239,tie_fighter,resistance,2,10,5,5,Zolan
2024-07-11 09:29:31,240,unknown,resistance,9,1,5,6,Quermia
2024-07-11 09:29:30,241,x-wing,resistance,4,8,3,10,Ojom
2024-07-11 09:29:29,242,stormtrooper,resistance,9,10,8,2,Naboo
2024-07-11 09:29:28,243,tie_silencer,empire,5,3,9,8,Tholoth
2024-07-11 09:29:27,244,at-at,resistance,5,4,7,2,Malastare
2024-07-11 09:29:26,245,tie_fighter,empire,4,2,7,8,Muunilinst
2024-07-11 09:29:25,246,at-at,empire,1,9,7,10,Dorin
2024-07-11 09:29:24,247,resistance_soldier,empire,2,2,3,6,Dagobah
2024-07-11 09:29:23,248,x-wing,empire,7,2,7,6,Glee Anselm
2024-07-11 09:29:22,249,tie_fighter,empire,1,8,8,6,Aleen Minor
2024-07-11 09:29:21,250,tie_fighter,empire,1,3,6,8,Corellia
2024-07-11 09:29:20,251,stormtrooper,empire,2,3,8,8,Troiken
2024-07-11 09:29:19,252,at-at,resistance,7,7,1,1,Socorro
2024-07-11 09:29:18,253,unknown,resistance,6,7,5,7,Mon Cala
2024-07-11 09:29:17,254,resistance_soldier,empire,3,8,2,9,Champala
2024-07-11 09:29:16,255,x-wing,resistance,6,6,5,9,Toydaria
2024-07-11 09:29:15,256,stormtrooper,resistance,9,4,2,1,Zolan
2024-07-11 09:29:14,257,x-wing,resistance,1,1,7,4,Kalee
2024-07-11 09:29:13,258,at-st,empire,1,6,8,3,Umbara
2024-07-11 09:29:12,259,at-at,resistance,3,1,1,4,Iridonia
2024-07-11 09:29:11,260,at-st,empire,5,3,4,8,Kalee
2024-07-11 09:29:10,261,at-st,resistance,6,1,3,9,Concord Dawn
2024-07-11 09:29:09,262,tie_silencer,resistance,4,1,9,5,Muunilinst
2024-07-11 09:29:08,263,unknown,resistance,5,8,4,8,Concord Dawn
2024-07-11 09:29:07,264,unknown,resistance,9,3,9,2,Tund
2024-07-11 09:29:06,265,at-at,resistance,1,5,5,6,Trandosha
2024-07-11 09:29:05,266,stormtrooper,empire,1,1,7,8,Dagobah
2024-07-11 09:29:04,267,unknown,empire,5,7,10,6,Sullust
2024-07-11 09:29:03,268,resistance_soldier,resistance,2,1,3,4,Bestine IV
2024-07-11 09:29:02,269,resistance_soldier,resistance,2,1,7,1,Tund
2024-07-11 09:29:01,270,tie_silencer,resistance,1,9,3,5,Serenno
2024-07-11 09:29:00,271,unknown,resistance,10,9,4,9,Tund
2024-07-11 09:28:59,272,at-st,empire,2,6,1,8,Iridonia
2024-07-11 09:28:58,273,tie_fighter,empire,10,4,7,5,Zolan
2024-07-11 09:28:57,274,unknown,resistance,8,8,1,2,Concord Dawn
2024-07-11 09:28:56,275,x-wing,resistance,7,8,9,6,Skako
2024-07-11 09:28:55,276,tie_fighter,empire,3,10,3,1,Tatooine
2024-07-11 09:28:54,277,unknown,resistance,8,5,7,10,Muunilinst
2024-07-11 09:28:53,278,tie_silencer,resistance,4,6,10,6,Shili
2024-07-11 09:28:52,279,at-st,resistance,9,7,5,10,Eriadu
2024-07-11 09:28:51,280,tie_silencer,resistance,1,3,2,5,Eriadu
2024-07-11 09:28:50,281,resistance_soldier,resistance,4,9,1,4,Zolan
2024-07-11 09:28:49,282,at-st,empire,4,3,7,1,Aleen Minor
2024-07-11 09:28:48,283,unknown,empire,3,5,9,4,Cerea
2024-07-11 09:28:47,284,resistance_soldier,empire,1,9,6,7,Socorro
2024-07-11 09:28:46,285,unknown,resistance,9,5,10,9,Champala
2024-07-11 09:28:45,286,unknown,resistance,5,1,10,1,Champala
2024-07-11 09:28:44,287,at-st,resistance,8,6,1,5,Dathomir
2024-07-11 09:28:43,288,resistance_soldier,empire,3,9,2,7,Quermia
2024-07-11 09:28:42,289,at-st,empire,9,1,8,3,Skako
2024-07-11 09:28:41,290,stormtrooper,resistance,6,6,2,9,Corellia
2024-07-11 09:28:40,291,x-wing,empire,10,9,4,10,Stewjon
2024-07-11 09:28:39,292,x-wing,resistance,1,8,5,3,Shili
2024-07-11 09:28:38,293,tie_fighter,resistance,10,1,4,7,Bestine IV
2024-07-11 09:28:37,294,tie_silencer,resistance,4,4,9,5,Ryloth
2024-07-11 09:28:36,295,tie_fighter,resistance,8,1,2,5,Glee Anselm
2024-07-11 09:28:35,296,resistance_soldier,empire,10,9,9,6,Umbara
2024-07-11 09:28:34,297,stormtrooper,resistance,6,6,7,1,Alderaan
2024-07-11 09:28:33,298,tie_fighter,empire,8,10,2,4,Ojom
2024-07-11 09:28:32,299,x-wing,empire,8,4,9,7,Eriadu
2024-07-11 09:28:31,300,tie_silencer,empire,7,7,4,3,Trandosha
2024-07-11 09:28:30,301,at-st,resistance,8,6,8,5,Alderaan
2024-07-11 09:28:29,302,resistance_soldier,empire,9,10,5,9,Cerea
2024-07-11 09:28:28,303,tie_silencer,empire,2,7,1,5,Tatooine
2024-07-11 09:28:27,304,x-wing,resistance,1,5,7,3,Chandrila
2024-07-11 09:28:26,305,tie_fighter,resistance,8,5,1,1,Toydaria
2024-07-11 09:28:25,306,unknown,resistance,9,6,1,2,Zolan
2024-07-11 09:28:24,307,resistance_soldier,empire,4,1,7,10,Ojom
2024-07-11 09:28:23,308,tie_silencer,resistance,2,4,8,3,Bestine IV
2024-07-11 09:28:22,309,at-st,resistance,4,7,3,4,Malastare
2024-07-11 09:28:21,310,stormtrooper,resistance,9,2,8,1,Champala
2024-07-11 09:28:20,311,x-wing,resistance,1,5,10,1,Eriadu
2024-07-11 09:28:19,312,resistance_soldier,empire,2,1,2,1,Tund
2024-07-11 09:28:18,313,x-wing,resistance,6,3,7,1,Serenno
2024-07-11 09:28:17,314,unknown,resistance,7,3,3,5,Iridonia
2024-07-11 09:28:16,315,x-wing,empire,4,7,5,5,Dathomir
2024-07-11 09:28:15,316,at-st,empire,8,4,2,10,Mon Cala
2024-07-11 09:28:14,317,stormtrooper,empire,4,6,4,10,Iktotch
2024-07-11 09:28:13,318,unknown,empire,6,2,10,5,Eriadu
2024-07-11 09:28:12,319,at-at,empire,4,10,4,6,Tholoth
2024-07-11 09:28:11,320,tie_fighter,resistance,7,7,7,2,Tund
2024-07-11 09:28:10,321,x-wing,empire,1,10,1,5,Zolan
2024-07-11 09:28:09,322,x-wing,empire,6,6,5,6,Aleen Minor
2024-07-11 09:28:08,323,resistance_soldier,resistance,5,5,2,6,Champala
2024-07-11 09:28:07,324,tie_silencer,empire,10,7,6,1,Zolan
2024-07-11 09:28:06,325,x-wing,resistance,10,6,3,10,Alderaan
2024-07-11 09:28:05,326,unknown,resistance,3,1,5,1,Skako
2024-07-11 09:28:04,327,x-wing,resistance,1,9,4,7,Mon Cala
2024-07-11 09:28:03,328,tie_fighter,resistance,9,6,4,3,Serenno
2024-07-11 09:28:02,329,tie_silencer,resistance,6,1,4,8,Skako
2024-07-11 09:28:01,330,x-wing,empire,6,3,3,4,Dathomir
2024-07-11 09:28:00,331,unknown,resistance,8,10,5,7,Glee Anselm
2024-07-11 09:27:59,332,tie_fighter,empire,5,5,9,2,Glee Anselm
2024-07-11 09:27:58,333,stormtrooper,empire,3,2,10,8,Bestine IV
2024-07-11 09:27:57,334,tie_fighter,empire,10,7,7,6,Alderaan
2024-07-11 09:27:56,335,tie_fighter,resistance,8,5,8,4,Ojom
2024-07-11 09:27:55,336,unknown,empire,6,9,3,7,Chandrila
2024-07-11 09:27:54,337,at-st,resistance,6,4,4,2,Champala
2024-07-11 09:27:53,338,tie_fighter,resistance,8,7,2,3,Kalee
2024-07-11 09:27:52,339,stormtrooper,empire,7,8,9,9,Dorin
2024-07-11 09:27:51,340,resistance_soldier,resistance,4,10,6,7,Tholoth
2024-07-11 09:27:50,341,tie_silencer,empire,7,10,10,10,Concord Dawn
2024-07-11 09:27:49,342,at-at,empire,6,7,1,6,Chandrila
2024-07-11 09:27:48,343,tie_fighter,empire,10,1,3,2,Kashyyyk
2024-07-11 09:27:47,344,tie_fighter,empire,5,10,6,7,Stewjon
2024-07-11 09:27:46,345,unknown,empire,4,9,9,3,Kashyyyk
2024-07-11 09:27:45,346,tie_fighter,empire,10,5,6,7,Kashyyyk
2024-07-11 09:27:44,347,resistance_soldier,resistance,10,9,9,1,Chandrila
2024-07-11 09:27:43,348,unknown,empire,5,1,3,8,Kashyyyk
2024-07-11 09:27:42,349,stormtrooper,empire,6,5,9,1,Tholoth
2024-07-11 09:27:41,350,at-at,empire,2,5,3,10,Dathomir
2024-07-11 09:27:40,351,tie_silencer,resistance,3,5,10,6,Stewjon
2024-07-11 09:27:39,352,resistance_soldier,empire,4,1,10,10,Kashyyyk
2024-07-11 09:27:38,353,resistance_soldier,empire,10,1,3,10,Mirial
2024-07-11 09:27:37,354,stormtrooper,resistance,7,2,8,6,Tatooine
2024-07-11 09:27:36,355,x-wing,resistance,7,10,10,3,Tholoth
2024-07-11 09:27:35,356,tie_fighter,empire,9,1,2,4,Eriadu
2024-07-11 09:27:34,357,unknown,resistance,2,7,4,7,Tholoth
2024-07-11 09:27:33,358,x-wing,empire,7,2,6,4,Troiken
2024-07-11 09:27:32,359,unknown,resistance,10,3,1,4,Mirial
2024-07-11 09:27:31,360,unknown,resistance,1,10,10,5,Iridonia
2024-07-11 09:27:30,361,resistance_soldier,resistance,10,9,1,6,Kashyyyk
2024-07-11 09:27:29,362,stormtrooper,empire,5,10,3,3,Glee Anselm
2024-07-11 09:27:28,363,stormtrooper,empire,4,6,8,5,Ryloth
2024-07-11 09:27:27,364,resistance_soldier,resistance,3,6,7,10,Dathomir
2024-07-11 09:27:26,365,unknown,resistance,9,6,5,7,Naboo
2024-07-11 09:27:25,366,at-at,resistance,9,8,9,1,Muunilinst
2024-07-11 09:27:24,367,tie_fighter,resistance,5,5,7,8,Tund
2024-07-11 09:27:23,368,resistance_soldier,empire,9,7,3,9,Muunilinst
2024-07-11 09:27:22,369,unknown,empire,2,2,3,5,Glee Anselm
2024-07-11 09:27:21,370,x-wing,resistance,6,5,10,7,Vulpter
2024-07-11 09:27:20,371,at-st,empire,1,1,3,1,Mon Cala
2024-07-11 09:27:19,372,at-st,empire,7,2,5,9,Dagobah
2024-07-11 09:27:18,373,tie_fighter,resistance,2,4,3,1,Tholoth
2024-07-11 09:27:17,374,at-st,empire,1,9,8,1,Dagobah
2024-07-11 09:27:16,375,stormtrooper,resistance,9,5,6,8,Eriadu
2024-07-11 09:27:15,376,unknown,resistance,10,10,4,10,Dorin
2024-07-11 09:27:14,377,x-wing,resistance,7,2,4,6,Serenno
2024-07-11 09:27:13,378,x-wing,resistance,7,6,1,7,Concord Dawn
2024-07-11 09:27:12,379,stormtrooper,resistance,8,5,5,10,Dorin
2024-07-11 09:27:11,380,stormtrooper,resistance,9,7,7,3,Chandrila
2024-07-11 09:27:10,381,unknown,resistance,3,9,2,4,Dathomir
2024-07-11 09:27:09,382,tie_silencer,empire,10,9,6,7,Tholoth
2024-07-11 09:27:08,383,unknown,resistance,7,9,5,9,Chandrila
2024-07-11 09:27:07,384,at-st,empire,3,1,2,7,Muunilinst
2024-07-11 09:27:06,385,tie_silencer,empire,2,5,10,3,Vulpter
2024-07-11 09:27:05,386,tie_fighter,empire,3,2,4,8,Haruun Kal
2024-07-11 09:27:04,387,x-wing,empire,5,7,1,9,Skako
2024-07-11 09:27:03,388,unknown,resistance,4,6,3,7,Alderaan
2024-07-11 09:27:02,389,x-wing,resistance,3,4,5,4,Toydaria
2024-07-11 09:27:01,390,tie_fighter,resistance,8,6,3,4,Rodia
2024-07-11 09:27:00,391,stormtrooper,resistance,9,3,1,8,Ryloth
2024-07-11 09:26:59,392,at-st,resistance,2,1,3,10,Muunilinst
2024-07-11 09:26:58,393,stormtrooper,empire,9,4,6,6,Glee Anselm
2024-07-11 09:26:57,394,x-wing,empire,9,7,8,9,Ryloth
2024-07-11 09:26:56,395,tie_silencer,resistance,9,9,9,10,Bestine IV
2024-07-11 09:26:55,396,tie_fighter,empire,9,2,1,7,Socorro
2024-07-11 09:26:54,397,tie_fighter,resistance,8,7,4,2,Shili
2024-07-11 09:26:53,398,x-wing,empire,5,3,10,2,Alderaan
2024-07-11 09:26:52,399,at-st,empire,8,5,9,7,Malastare
2024-07-11 09:26:51,400,stormtrooper,empire,8,7,6,2,Chandrila
2024-07-11 09:26:50,401,stormtrooper,resistance,10,8,10,3,Dagobah
2024-07-11 09:26:49,402,at-st,empire,7,8,1,4,Glee Anselm
2024-07-11 09:26:48,403,at-at,resistance,3,6,3,1,Ojom
2024-07-11 09:26:47,404,stormtrooper,resistance,9,4,2,6,Socorro
2024-07-11 09:26:46,405,at-st,empire,6,2,4,7,Tund
2024-07-11 09:26:45,406,tie_silencer,resistance,5,10,2,10,Concord Dawn
2024-07-11 09:26:44,407,at-at,empire,8,9,1,9,Shili
2024-07-11 09:26:43,408,unknown,resistance,10,9,6,3,Cerea
2024-07-11 09:26:42,409,x-wing,resistance,5,8,2,4,Zolan
2024-07-11 09:26:41,410,tie_fighter,empire,3,5,9,8,Rodia
2024-07-11 09:26:40,411,stormtrooper,empire,6,5,8,3,Umbara
2024-07-11 09:26:39,412,unknown,resistance,1,10,2,2,Corellia
2024-07-11 09:26:38,413,resistance_soldier,empire,1,9,6,6,Aleen Minor
2024-07-11 09:26:37,414,at-st,empire,6,9,3,2,Mirial
2024-07-11 09:26:36,415,x-wing,empire,6,1,9,4,Rodia
2024-07-11 09:26:35,416,at-st,empire,9,1,6,9,Umbara
2024-07-11 09:26:34,417,resistance_soldier,empire,4,3,6,7,Chandrila
2024-07-11 09:26:33,418,unknown,empire,8,10,6,2,Bestine IV
2024-07-11 09:26:32,419,at-st,empire,9,6,5,5,Haruun Kal
2024-07-11 09:26:31,420,resistance_soldier,empire,4,8,8,4,Sullust
2024-07-11 09:26:30,421,tie_fighter,resistance,8,10,4,10,Cerea
2024-07-11 09:26:29,422,at-at,empire,1,7,7,6,Cerea
2024-07-11 09:26:28,423,stormtrooper,empire,7,4,10,9,Stewjon
2024-07-11 09:26:27,424,tie_fighter,empire,2,9,8,6,Iktotch
2024-07-11 09:26:26,425,at-at,resistance,5,10,2,4,Mon Cala
2024-07-11 09:26:25,426,at-at,empire,4,10,6,2,Umbara
2024-07-11 09:26:24,427,at-at,empire,10,6,3,10,Bestine IV
2024-07-11 09:26:23,428,x-wing,resistance,1,8,5,6,Tatooine
2024-07-11 09:26:22,429,tie_silencer,resistance,9,3,7,10,Socorro
2024-07-11 09:26:21,430,at-at,empire,4,10,3,2,Naboo
2024-07-11 09:26:20,431,x-wing,resistance,8,1,7,1,Shili
2024-07-11 09:26:19,432,stormtrooper,resistance,10,2,2,6,Aleen Minor
2024-07-11 09:26:18,433,tie_fighter,empire,5,10,2,3,Haruun Kal
2024-07-11 09:26:17,434,stormtrooper,empire,1,10,9,7,Dathomir
2024-07-11 09:26:16,435,tie_fighter,resistance,6,2,10,7,Malastare
2024-07-11 09:26:15,436,stormtrooper,empire,7,7,2,8,Mirial
2024-07-11 09:26:14,437,unknown,empire,4,3,8,2,Socorro
2024-07-11 09:26:13,438,resistance_soldier,resistance,6,1,6,5,Sullust
2024-07-11 09:26:12,439,x-wing,empire,3,7,7,10,Alderaan
2024-07-11 09:26:11,440,resistance_soldier,empire,10,7,1,9,Tatooine
2024-07-11 09:26:10,441,resistance_soldier,empire,10,10,7,1,Malastare
2024-07-11 09:26:09,442,unknown,empire,3,10,4,1,Dorin
2024-07-11 09:26:08,443,unknown,resistance,6,1,2,9,Ojom
2024-07-11 09:26:07,444,stormtrooper,empire,7,6,8,7,Umbara
2024-07-11 09:26:06,445,unknown,empire,5,3,5,2,Dathomir
2024-07-11 09:26:05,446,at-st,empire,3,7,5,9,Quermia
2024-07-11 09:26:04,447,resistance_soldier,resistance,2,10,10,5,Alderaan
2024-07-11 09:26:03,448,unknown,resistance,1,5,10,5,Muunilinst
2024-07-11 09:26:02,449,at-at,empire,5,9,3,10,Iktotch
2024-07-11 09:26:01,450,x-wing,resistance,8,4,7,3,Zolan
2024-07-11 09:26:00,451,x-wing,empire,2,5,5,1,Tatooine
2024-07-11 09:25:59,452,tie_silencer,empire,3,7,4,8,Mon Cala
2024-07-11 09:25:58,453,tie_fighter,resistance,8,8,9,10,Tholoth
2024-07-11 09:25:57,454,tie_fighter,resistance,9,2,7,6,Toydaria
2024-07-11 09:25:56,455,stormtrooper,resistance,2,7,6,2,Quermia
2024-07-11 09:25:55,456,tie_fighter,empire,1,10,7,10,Glee Anselm
2024-07-11 09:25:54,457,resistance_soldier,empire,2,3,7,1,Bestine IV
2024-07-11 09:25:53,458,unknown,empire,6,9,4,6,Skako
2024-07-11 09:25:52,459,stormtrooper,empire,10,9,8,9,Mirial
2024-07-11 09:25:51,460,at-st,resistance,1,2,5,8,Chandrila
2024-07-11 09:25:50,461,x-wing,resistance,2,8,3,3,Stewjon
2024-07-11 09:25:49,462,resistance_soldier,empire,7,10,4,6,Shili
2024-07-11 09:25:48,463,tie_fighter,resistance,3,6,7,7,Iridonia
2024-07-11 09:25:47,464,tie_fighter,resistance,7,9,1,8,Iridonia
2024-07-11 09:25:46,465,at-at,empire,8,2,1,1,Trandosha
2024-07-11 09:25:45,466,stormtrooper,resistance,3,1,1,2,Stewjon
2024-07-11 09:25:44,467,unknown,empire,2,6,1,2,Quermia
2024-07-11 09:25:43,468,unknown,resistance,5,9,8,1,Tatooine
2024-07-11 09:25:42,469,stormtrooper,resistance,8,6,6,3,Ryloth
2024-07-11 09:25:41,470,tie_fighter,resistance,6,7,3,7,Ojom
2024-07-11 09:25:40,471,at-st,resistance,3,6,3,6,Tatooine
2024-07-11 09:25:39,472,tie_fighter,resistance,5,5,9,4,Socorro
2024-07-11 09:25:38,473,resistance_soldier,empire,5,6,5,7,Stewjon
2024-07-11 09:25:37,474,tie_fighter,resistance,8,8,4,2,Umbara
2024-07-11 09:25:36,475,at-at,empire,1,10,2,6,Skako
2024-07-11 09:25:35,476,stormtrooper,resistance,2,6,7,3,Shili
2024-07-11 09:25:34,477,at-at,resistance,10,5,2,8,Ryloth
2024-07-11 09:25:33,478,at-at,empire,3,7,3,5,Malastare
2024-07-11 09:25:32,479,at-st,resistance,6,3,4,8,Dathomir
2024-07-11 09:25:31,480,tie_fighter,resistance,6,5,10,2,Dorin
2024-07-11 09:25:30,481,tie_fighter,resistance,10,2,4,8,Ojom
2024-07-11 09:25:29,482,resistance_soldier,resistance,2,3,5,7,Glee Anselm
2024-07-11 09:25:28,483,x-wing,empire,3,1,4,7,Champala
2024-07-11 09:25:27,484,tie_silencer,empire,9,2,1,9,Dathomir
2024-07-11 09:25:26,485,tie_silencer,empire,4,9,8,1,Haruun Kal
2024-07-11 09:25:25,486,tie_fighter,empire,8,10,8,1,Glee Anselm
2024-07-11 09:25:24,487,unknown,resistance,3,8,6,10,Cerea
2024-07-11 09:25:23,488,stormtrooper,resistance,5,3,1,1,Eriadu
2024-07-11 09:25:22,489,resistance_soldier,resistance,8,8,10,7,Tatooine
2024-07-11 09:25:21,490,at-st,resistance,3,7,6,1,Tund
2024-07-11 09:25:20,491,tie_fighter,empire,2,9,5,4,Shili
2024-07-11 09:25:19,492,x-wing,resistance,1,9,4,1,Sullust
2024-07-11 09:25:18,493,tie_fighter,resistance,4,7,1,8,Bestine IV
2024-07-11 09:25:17,494,stormtrooper,empire,2,4,4,2,Tatooine
2024-07-11 09:25:16,495,tie_fighter,empire,2,3,4,2,Iktotch
2024-07-11 09:25:15,496,unknown,empire,1,10,2,9,Tholoth
2024-07-11 09:25:14,497,at-st,resistance,4,7,9,4,Rodia
2024-07-11 09:25:13,498,unknown,empire,3,3,1,3,Aleen Minor
2024-07-11 09:25:12,499,resistance_soldier,empire,5,7,5,5,Tatooine
2024-07-11 09:25:11,500,at-at,resistance,9,7,6,10,Stewjon
2024-07-11 09:25:10,501,resistance_soldier,resistance,8,10,8,6,Skako
2024-07-11 09:25:09,502,x-wing,empire,6,3,9,5,Umbara
2024-07-11 09:25:08,503,unknown,empire,2,10,1,6,Troiken
2024-07-11 09:25:07,504,stormtrooper,resistance,1,1,5,10,Rodia
2024-07-11 09:25:06,505,at-st,resistance,6,1,7,7,Dathomir
2024-07-11 09:25:05,506,at-st,empire,7,8,1,3,Dorin
2024-07-11 09:25:04,507,x-wing,empire,9,1,8,8,Sullust
2024-07-11 09:25:03,508,at-st,empire,2,3,8,5,Cerea
2024-07-11 09:25:02,509,at-st,empire,8,6,5,10,Iktotch
2024-07-11 09:25:01,510,x-wing,empire,8,8,4,4,Troiken
2024-07-11 09:25:00,511,resistance_soldier,resistance,1,1,1,1,Quermia
2024-07-11 09:24:59,512,x-wing,resistance,3,10,2,8,Stewjon
2024-07-11 09:24:58,513,tie_silencer,empire,9,4,3,2,Iridonia
2024-07-11 09:24:57,514,at-at,empire,8,4,6,4,Iktotch
2024-07-11 09:24:56,515,x-wing,empire,1,10,10,8,Vulpter
2024-07-11 09:24:55,516,tie_silencer,resistance,7,6,10,3,Mon Cala
2024-07-11 09:24:54,517,tie_fighter,resistance,1,5,4,5,Sullust
2024-07-11 09:24:53,518,unknown,resistance,10,7,1,8,Kalee
2024-07-11 09:24:52,519,at-at,empire,3,3,8,4,Dorin
2024-07-11 09:24:51,520,tie_silencer,resistance,7,7,3,10,Stewjon
2024-07-11 09:24:50,521,unknown,empire,7,6,4,6,Aleen Minor
2024-07-11 09:24:49,522,x-wing,empire,8,5,4,10,Dagobah
2024-07-11 09:24:48,523,tie_fighter,resistance,9,2,3,2,Champala
2024-07-11 09:24:47,524,x-wing,empire,2,3,5,6,Skako
2024-07-11 09:24:46,525,tie_fighter,resistance,8,2,1,1,Alderaan
2024-07-11 09:24:45,526,unknown,empire,7,9,4,4,Kalee
2024-07-11 09:24:44,527,stormtrooper,resistance,1,8,5,8,Vulpter
2024-07-11 09:24:43,528,unknown,resistance,10,4,3,5,Dathomir
2024-07-11 09:24:42,529,resistance_soldier,resistance,6,6,3,5,Malastare
2024-07-11 09:24:41,530,at-at,empire,6,4,8,7,Chandrila
2024-07-11 09:24:40,531,x-wing,empire,5,6,8,2,Ojom
2024-07-11 09:24:39,532,at-at,resistance,10,7,7,2,Tholoth
2024-07-11 09:24:38,533,resistance_soldier,resistance,6,1,4,1,Dagobah
2024-07-11 09:24:37,534,at-st,empire,10,4,6,3,Skako
2024-07-11 09:24:36,535,resistance_soldier,empire,3,9,2,7,Naboo
2024-07-11 09:24:35,536,stormtrooper,resistance,3,9,8,4,Troiken
2024-07-11 09:24:34,537,tie_silencer,empire,5,3,1,3,Shili
2024-07-11 09:24:33,538,tie_fighter,empire,10,1,1,1,Concord Dawn
2024-07-11 09:24:32,539,x-wing,empire,10,1,8,6,Tatooine
2024-07-11 09:24:31,540,tie_silencer,resistance,5,2,9,3,Glee Anselm
2024-07-11 09:24:30,541,stormtrooper,resistance,7,6,3,3,Iktotch
2024-07-11 09:24:29,542,unknown,empire,5,5,2,6,Dagobah
2024-07-11 09:24:28,543,tie_fighter,empire,8,9,4,4,Quermia
2024-07-11 09:24:27,544,x-wing,resistance,4,1,2,10,Mirial
2024-07-11 09:24:26,545,at-at,resistance,10,10,4,6,Dorin
2024-07-11 09:24:25,546,x-wing,resistance,10,3,6,10,Muunilinst
2024-07-11 09:24:24,547,stormtrooper,resistance,8,9,3,8,Skako
2024-07-11 09:24:23,548,tie_silencer,empire,5,9,7,9,Kashyyyk
2024-07-11 09:24:22,549,resistance_soldier,empire,10,7,6,4,Mirial
2024-07-11 09:24:21,550,at-at,resistance,3,5,8,5,Serenno
2024-07-11 09:24:20,551,resistance_soldier,resistance,7,2,6,1,Kashyyyk
2024-07-11 09:24:19,552,x-wing,resistance,7,5,9,6,Vulpter
2024-07-11 09:24:18,553,x-wing,resistance,5,7,2,8,Concord Dawn
2024-07-11 09:24:17,554,stormtrooper,resistance,7,10,1,10,Sullust
2024-07-11 09:24:16,555,x-wing,empire,1,2,6,6,Zolan
2024-07-11 09:24:15,556,at-st,empire,10,3,8,9,Umbara
2024-07-11 09:24:14,557,tie_fighter,resistance,2,2,4,10,Sullust
2024-07-11 09:24:13,558,tie_fighter,resistance,4,2,6,4,Kalee
2024-07-11 09:24:12,559,tie_silencer,empire,3,1,4,5,Tatooine
2024-07-11 09:24:11,560,x-wing,resistance,7,10,2,9,Kalee
2024-07-11 09:24:10,561,unknown,empire,2,10,9,7,Dathomir
2024-07-11 09:24:09,562,x-wing,empire,10,2,10,9,Concord Dawn
2024-07-11 09:24:08,563,x-wing,resistance,10,8,5,5,Trandosha
2024-07-11 09:24:07,564,x-wing,empire,1,1,8,5,Dathomir
2024-07-11 09:24:06,565,at-at,empire,9,2,1,8,Alderaan
2024-07-11 09:24:05,566,tie_silencer,resistance,10,3,10,5,Troiken
2024-07-11 09:24:04,567,tie_silencer,empire,7,6,4,10,Tund
2024-07-11 09:24:03,568,resistance_soldier,resistance,7,10,10,8,Corellia
2024-07-11 09:24:02,569,stormtrooper,resistance,7,8,4,10,Rodia
2024-07-11 09:24:01,570,unknown,resistance,2,4,8,8,Quermia
2024-07-11 09:24:00,571,x-wing,empire,10,10,4,2,Haruun Kal
2024-07-11 09:23:59,572,unknown,empire,9,5,9,8,Kalee
2024-07-11 09:23:58,573,resistance_soldier,resistance,8,6,10,1,Troiken
2024-07-11 09:23:57,574,unknown,empire,8,10,2,4,Kashyyyk
2024-07-11 09:23:56,575,at-st,resistance,5,1,4,5,Iridonia
2024-07-11 09:23:55,576,stormtrooper,empire,7,6,6,7,Corellia
2024-07-11 09:23:54,577,at-st,resistance,4,2,5,7,Toydaria
2024-07-11 09:23:53,578,stormtrooper,resistance,2,1,2,3,Mirial
2024-07-11 09:23:52,579,unknown,resistance,10,4,7,3,Haruun Kal
2024-07-11 09:23:51,580,x-wing,empire,8,7,8,6,Rodia
2024-07-11 09:23:50,581,tie_silencer,empire,4,3,7,7,Vulpter
2024-07-11 09:23:49,582,tie_fighter,resistance,8,4,9,6,Rodia
2024-07-11 09:23:48,583,tie_fighter,empire,8,5,10,10,Dagobah
2024-07-11 09:23:47,584,at-at,empire,10,4,7,7,Tholoth
2024-07-11 09:23:46,585,at-at,resistance,4,7,4,8,Toydaria
2024-07-11 09:23:45,586,tie_silencer,resistance,10,1,5,4,Muunilinst
2024-07-11 09:23:44,587,unknown,resistance,5,1,6,4,Eriadu
2024-07-11 09:23:43,588,tie_silencer,resistance,7,2,6,8,Dagobah
2024-07-11 09:23:42,589,stormtrooper,resistance,2,2,1,4,Ryloth
2024-07-11 09:23:41,590,x-wing,empire,10,7,4,9,Kalee
2024-07-11 09:23:40,591,unknown,resistance,7,8,6,4,Kalee
2024-07-11 09:23:39,592,x-wing,resistance,7,6,4,8,Serenno
2024-07-11 09:23:38,593,at-st,resistance,10,6,10,5,Dagobah
2024-07-11 09:23:37,594,at-at,resistance,1,3,6,10,Dathomir
2024-07-11 09:23:36,595,x-wing,resistance,6,8,10,3,Umbara
2024-07-11 09:23:35,596,resistance_soldier,resistance,5,3,1,10,Ryloth
2024-07-11 09:23:34,597,at-at,empire,9,2,1,4,Toydaria
2024-07-11 09:23:33,598,at-at,resistance,5,9,3,8,Tatooine
2024-07-11 09:23:32,599,x-wing,resistance,8,7,5,9,Alderaan
2024-07-11 09:23:31,600,tie_fighter,empire,9,10,8,10,Mon Cala
2024-07-11 09:23:30,601,at-at,empire,2,9,3,3,Tatooine
2024-07-11 09:23:29,602,resistance_soldier,resistance,10,6,4,8,Shili
2024-07-11 09:23:28,603,at-st,empire,1,6,10,3,Bestine IV
2024-07-11 09:23:27,604,x-wing,empire,1,5,3,2,Glee Anselm
2024-07-11 09:23:26,605,tie_fighter,resistance,3,2,5,10,Aleen Minor
2024-07-11 09:23:25,606,unknown,resistance,7,10,5,10,Malastare
2024-07-11 09:23:24,607,at-st,empire,5,3,2,4,Muunilinst
2024-07-11 09:23:23,608,at-at,resistance,6,6,1,1,Tund
2024-07-11 09:23:22,609,resistance_soldier,resistance,7,10,4,1,Trandosha
2024-07-11 09:23:21,610,at-at,resistance,2,6,1,5,Naboo
2024-07-11 09:23:20,611,stormtrooper,empire,10,4,5,7,Vulpter
2024-07-11 09:23:19,612,resistance_soldier,empire,7,10,6,9,Naboo
2024-07-11 09:23:18,613,tie_fighter,resistance,8,4,9,10,Tatooine
2024-07-11 09:23:17,614,unknown,resistance,9,4,4,9,Dathomir
2024-07-11 09:23:16,615,stormtrooper,empire,7,7,3,9,Muunilinst
2024-07-11 09:23:15,616,tie_silencer,resistance,3,1,10,4,Aleen Minor
2024-07-11 09:23:14,617,x-wing,empire,3,8,4,8,Bestine IV
2024-07-11 09:23:13,618,at-at,resistance,7,5,3,5,Tund
2024-07-11 09:23:12,619,resistance_soldier,empire,10,9,9,2,Vulpter
2024-07-11 09:23:11,620,x-wing,empire,10,4,4,5,Haruun Kal
2024-07-11 09:23:10,621,unknown,resistance,1,2,6,10,Quermia
2024-07-11 09:23:09,622,unknown,resistance,6,1,9,5,Stewjon
2024-07-11 09:23:08,623,stormtrooper,resistance,1,9,3,3,Corellia
2024-07-11 09:23:07,624,stormtrooper,resistance,3,9,7,4,Troiken
2024-07-11 09:23:06,625,at-st,resistance,3,4,7,7,Kashyyyk
2024-07-11 09:23:05,626,resistance_soldier,empire,9,8,8,8,Alderaan
2024-07-11 09:23:04,627,tie_fighter,empire,8,5,5,9,Corellia
2024-07-11 09:23:03,628,unknown,resistance,6,3,1,7,Cerea
2024-07-11 09:23:02,629,tie_fighter,resistance,1,9,9,10,Stewjon
2024-07-11 09:23:01,630,at-st,resistance,4,3,2,5,Iridonia
2024-07-11 09:23:00,631,unknown,empire,10,5,7,10,Chandrila
2024-07-11 09:22:59,632,unknown,empire,4,5,6,10,Umbara
2024-07-11 09:22:58,633,resistance_soldier,empire,9,4,8,9,Tund
2024-07-11 09:22:57,634,unknown,resistance,3,2,2,9,Trandosha
2024-07-11 09:22:56,635,tie_fighter,empire,7,1,2,4,Naboo
2024-07-11 09:22:55,636,tie_fighter,resistance,6,9,3,3,Glee Anselm
2024-07-11 09:22:54,637,tie_fighter,resistance,5,4,3,3,Kashyyyk
2024-07-11 09:22:53,638,at-at,resistance,1,7,10,4,Iridonia
2024-07-11 09:22:52,639,stormtrooper,empire,7,2,9,4,Mon Cala
2024-07-11 09:22:51,640,x-wing,empire,2,9,4,3,Kalee
2024-07-11 09:22:50,641,stormtrooper,empire,7,6,8,5,Iktotch
2024-07-11 09:22:49,642,tie_silencer,resistance,8,4,1,1,Dagobah
2024-07-11 09:22:48,643,resistance_soldier,resistance,10,8,5,1,Vulpter
2024-07-11 09:22:47,644,tie_silencer,resistance,4,1,8,7,Kalee
2024-07-11 09:22:46,645,stormtrooper,empire,3,10,1,4,Aleen Minor
2024-07-11 09:22:45,646,unknown,resistance,1,4,2,6,Kalee
2024-07-11 09:22:44,647,at-at,resistance,8,5,9,5,Aleen Minor
2024-07-11 09:22:43,648,tie_fighter,resistance,7,9,6,5,Concord Dawn
2024-07-11 09:22:42,649,tie_silencer,resistance,6,2,1,6,Zolan
2024-07-11 09:22:41,650,tie_silencer,empire,1,7,7,5,Umbara
2024-07-11 09:22:40,651,stormtrooper,empire,1,3,3,1,Skako
2024-07-11 09:22:39,652,unknown,resistance,3,9,6,1,Socorro
2024-07-11 09:22:38,653,unknown,empire,5,10,6,4,Dorin
2024-07-11 09:22:37,654,at-at,resistance,6,2,9,8,Mon Cala
2024-07-11 09:22:36,655,at-at,empire,4,4,3,7,Aleen Minor
2024-07-11 09:22:35,656,tie_silencer,empire,2,6,7,6,Alderaan
2024-07-11 09:22:34,657,at-at,empire,8,5,4,5,Corellia
2024-07-11 09:22:33,658,at-at,resistance,3,9,7,8,Tund
2024-07-11 09:22:32,659,at-st,empire,8,1,7,5,Troiken
2024-07-11 09:22:31,660,at-st,empire,9,5,1,1,Tatooine
2024-07-11 09:22:30,661,tie_silencer,empire,7,8,2,3,Toydaria
2024-07-11 09:22:29,662,tie_fighter,resistance,6,6,9,1,Troiken
2024-07-11 09:22:28,663,resistance_soldier,resistance,5,2,3,9,Rodia
2024-07-11 09:22:27,664,at-at,empire,4,4,6,5,Mirial
2024-07-11 09:22:26,665,stormtrooper,empire,9,6,5,8,Bestine IV
2024-07-11 09:22:25,666,tie_silencer,empire,8,2,8,9,Iktotch
2024-07-11 09:22:24,667,resistance_soldier,resistance,4,9,2,4,Corellia
2024-07-11 09:22:23,668,tie_silencer,empire,7,4,8,7,Rodia
2024-07-11 09:22:22,669,stormtrooper,empire,9,7,1,7,Quermia
2024-07-11 09:22:21,670,tie_silencer,empire,10,7,3,2,Kalee
2024-07-11 09:22:20,671,x-wing,empire,5,6,9,7,Serenno
2024-07-11 09:22:19,672,x-wing,empire,3,4,6,1,Trandosha
2024-07-11 09:22:18,673,at-st,resistance,8,9,3,8,Bestine IV
2024-07-11 09:22:17,674,tie_fighter,resistance,2,5,4,9,Quermia
2024-07-11 09:22:16,675,stormtrooper,empire,3,3,5,8,Bestine IV
2024-07-11 09:22:15,676,tie_silencer,empire,1,4,5,3,Ryloth
2024-07-11 09:22:14,677,tie_fighter,empire,8,2,1,4,Bestine IV
2024-07-11 09:22:13,678,tie_silencer,resistance,6,10,2,4,Ryloth
2024-07-11 09:22:12,679,tie_fighter,resistance,9,3,7,9,Bestine IV
2024-07-11 09:22:11,680,tie_fighter,resistance,8,5,2,5,Tund
2024-07-11 09:22:10,681,x-wing,resistance,7,8,2,5,Mon Cala
2024-07-11 09:22:09,682,at-st,resistance,9,4,5,5,Cerea
2024-07-11 09:22:08,683,stormtrooper,empire,10,3,2,8,Ryloth
2024-07-11 09:22:07,684,at-at,resistance,1,9,5,2,Mon Cala
2024-07-11 09:22:06,685,at-st,empire,3,1,4,3,Toydaria
2024-07-11 09:22:05,686,unknown,empire,3,5,5,8,Umbara
2024-07-11 09:22:04,687,resistance_soldier,empire,1,10,6,8,Iktotch
2024-07-11 09:22:03,688,x-wing,resistance,6,9,8,3,Dorin
2024-07-11 09:22:02,689,at-st,resistance,10,10,5,8,Ojom
2024-07-11 09:22:01,690,at-at,resistance,5,9,2,10,Skako
2024-07-11 09:22:00,691,unknown,resistance,7,4,5,7,Kashyyyk
2024-07-11 09:21:59,692,resistance_soldier,resistance,8,5,1,3,Socorro
2024-07-11 09:21:58,693,at-at,empire,5,10,3,7,Troiken
2024-07-11 09:21:57,694,at-st,empire,10,3,4,5,Naboo
2024-07-11 09:21:56,695,tie_fighter,empire,5,7,9,8,Dathomir
2024-07-11 09:21:55,696,tie_silencer,empire,6,5,2,6,Sullust
2024-07-11 09:21:54,697,x-wing,resistance,6,5,2,1,Chandrila
2024-07-11 09:21:53,698,unknown,empire,8,1,2,9,Quermia
2024-07-11 09:21:52,699,at-at,empire,5,3,1,4,Concord Dawn
2024-07-11 09:21:51,700,tie_fighter,empire,8,2,1,8,Skako
2024-07-11 09:21:50,701,unknown,resistance,3,1,9,8,Muunilinst
2024-07-11 09:21:49,702,stormtrooper,empire,9,10,1,7,Dorin
2024-07-11 09:21:48,703,tie_silencer,resistance,7,10,9,10,Naboo
2024-07-11 09:21:47,704,x-wing,resistance,8,8,4,2,Socorro
2024-07-11 09:21:46,705,unknown,resistance,9,1,9,3,Tund
2024-07-11 09:21:45,706,tie_silencer,empire,4,6,4,9,Eriadu
2024-07-11 09:21:44,707,tie_fighter,empire,2,8,5,10,Chandrila
2024-07-11 09:21:43,708,at-st,empire,10,4,10,6,Naboo
2024-07-11 09:21:42,709,at-st,resistance,7,4,9,2,Troiken
2024-07-11 09:21:41,710,at-st,empire,4,1,6,8,Malastare
2024-07-11 09:21:40,711,tie_silencer,resistance,5,9,4,4,Umbara
2024-07-11 09:21:39,712,resistance_soldier,resistance,6,5,1,6,Haruun Kal
2024-07-11 09:21:38,713,x-wing,empire,4,3,2,10,Mirial
2024-07-11 09:21:37,714,tie_silencer,resistance,1,4,2,10,Shili
2024-07-11 09:21:36,715,at-at,resistance,4,9,8,8,Chandrila
2024-07-11 09:21:35,716,stormtrooper,empire,9,7,10,2,Mon Cala
2024-07-11 09:21:34,717,stormtrooper,resistance,2,1,3,7,Alderaan
2024-07-11 09:21:33,718,at-st,empire,7,6,1,6,Kalee
2024-07-11 09:21:32,719,x-wing,resistance,1,6,6,5,Concord Dawn
2024-07-11 09:21:31,720,at-at,resistance,9,5,7,1,Vulpter
2024-07-11 09:21:30,721,tie_silencer,resistance,10,4,3,1,Dorin
2024-07-11 09:21:29,722,tie_fighter,empire,2,10,8,7,Cerea
2024-07-11 09:21:28,723,resistance_soldier,empire,2,8,2,1,Stewjon
2024-07-11 09:21:27,724,tie_silencer,empire,5,2,10,10,Mon Cala
2024-07-11 09:21:26,725,x-wing,empire,7,4,4,9,Cerea
2024-07-11 09:21:25,726,unknown,empire,7,7,1,2,Muunilinst
2024-07-11 09:21:24,727,at-st,empire,9,3,6,2,Mirial
2024-07-11 09:21:23,728,x-wing,resistance,4,4,4,7,Dathomir
2024-07-11 09:21:22,729,tie_silencer,empire,3,5,10,8,Dorin
2024-07-11 09:21:21,730,tie_silencer,empire,10,9,10,5,Kashyyyk
2024-07-11 09:21:20,731,at-st,resistance,3,7,9,9,Ryloth
2024-07-11 09:21:19,732,resistance_soldier,empire,4,9,6,4,Iktotch
2024-07-11 09:21:18,733,at-at,resistance,6,8,10,3,Skako
2024-07-11 09:21:17,734,at-at,empire,3,9,4,2,Dorin
2024-07-11 09:21:16,735,tie_silencer,empire,6,2,6,9,Sullust
2024-07-11 09:21:15,736,x-wing,empire,2,9,7,3,Rodia
2024-07-11 09:21:14,737,tie_fighter,empire,6,7,2,6,Iktotch
2024-07-11 09:21:13,738,resistance_soldier,empire,8,1,3,3,Cerea
2024-07-11 09:21:12,739,unknown,empire,8,4,9,1,Dorin
2024-07-11 09:21:11,740,at-st,empire,4,3,9,9,Shili
2024-07-11 09:21:10,741,stormtrooper,empire,5,4,3,10,Troiken
2024-07-11 09:21:09,742,unknown,resistance,5,7,10,4,Mirial
2024-07-11 09:21:08,743,at-at,empire,3,5,5,8,Concord Dawn
2024-07-11 09:21:07,744,stormtrooper,empire,9,8,3,8,Trandosha
2024-07-11 09:21:06,745,stormtrooper,empire,7,2,8,1,Skako
2024-07-11 09:21:05,746,at-at,empire,2,8,4,10,Eriadu
2024-07-11 09:21:04,747,tie_fighter,empire,3,10,1,4,Dagobah
2024-07-11 09:21:03,748,stormtrooper,resistance,2,10,10,5,Trandosha
2024-07-11 09:21:02,749,tie_silencer,resistance,6,8,3,2,Sullust
2024-07-11 09:21:01,750,x-wing,empire,9,4,10,2,Dagobah
2024-07-11 09:21:00,751,x-wing,empire,9,8,5,1,Alderaan
2024-07-11 09:20:59,752,x-wing,empire,10,6,3,9,Muunilinst
2024-07-11 09:20:58,753,x-wing,empire,4,5,9,7,Eriadu
2024-07-11 09:20:57,754,unknown,empire,7,2,2,5,Trandosha
2024-07-11 09:20:56,755,at-at,resistance,9,10,7,2,Glee Anselm
2024-07-11 09:20:55,756,unknown,resistance,9,8,2,5,Tund
2024-07-11 09:20:54,757,at-at,empire,10,2,4,7,Dagobah
2024-07-11 09:20:53,758,unknown,empire,1,1,2,8,Ryloth
2024-07-11 09:20:52,759,at-st,resistance,6,1,4,4,Aleen Minor
2024-07-11 09:20:51,760,tie_fighter,empire,2,3,8,10,Chandrila
2024-07-11 09:20:50,761,unknown,empire,4,9,10,6,Tund
2024-07-11 09:20:49,762,at-st,resistance,1,7,1,2,Aleen Minor
2024-07-11 09:20:48,763,stormtrooper,empire,7,8,8,4,Trandosha
2024-07-11 09:20:47,764,at-st,resistance,1,8,4,9,Kashyyyk
2024-07-11 09:20:46,765,at-at,resistance,4,9,3,3,Iridonia
2024-07-11 09:20:45,766,at-st,resistance,8,10,3,6,Corellia
2024-07-11 09:20:44,767,at-st,resistance,7,6,7,3,Concord Dawn
2024-07-11 09:20:43,768,tie_fighter,resistance,5,7,8,4,Ojom
2024-07-11 09:20:42,769,at-st,resistance,2,4,9,5,Sullust
2024-07-11 09:20:41,770,stormtrooper,empire,5,1,10,9,Haruun Kal
2024-07-11 09:20:40,771,at-st,empire,3,10,6,7,Iktotch
2024-07-11 09:20:39,772,tie_fighter,resistance,3,3,8,7,Serenno
2024-07-11 09:20:38,773,x-wing,resistance,10,2,1,8,Rodia
2024-07-11 09:20:37,774,tie_silencer,empire,3,7,9,1,Sullust
2024-07-11 09:20:36,775,at-at,resistance,7,6,6,10,Iridonia
2024-07-11 09:20:35,776,tie_fighter,resistance,2,7,6,6,Skako
2024-07-11 09:20:34,777,tie_fighter,empire,2,6,1,8,Aleen Minor
2024-07-11 09:20:33,778,unknown,empire,8,10,9,8,Quermia
2024-07-11 09:20:32,779,unknown,empire,1,10,1,3,Concord Dawn
2024-07-11 09:20:31,780,resistance_soldier,resistance,6,5,4,4,Eriadu
2024-07-11 09:20:30,781,tie_fighter,resistance,5,2,4,7,Chandrila
2024-07-11 09:20:29,782,at-st,resistance,10,1,8,1,Aleen Minor
2024-07-11 09:20:28,783,at-st,empire,3,1,8,6,Quermia
2024-07-11 09:20:27,784,resistance_soldier,resistance,3,5,1,3,Shili
2024-07-11 09:20:26,785,x-wing,resistance,4,9,4,3,Kashyyyk
2024-07-11 09:20:25,786,tie_silencer,empire,8,3,1,7,Iridonia
2024-07-11 09:20:24,787,at-st,resistance,4,7,6,10,Shili
2024-07-11 09:20:23,788,resistance_soldier,resistance,3,2,9,4,Muunilinst
2024-07-11 09:20:22,789,at-st,resistance,4,8,4,9,Dathomir
2024-07-11 09:20:21,790,tie_fighter,empire,6,1,10,10,Mirial
2024-07-11 09:20:20,791,resistance_soldier,resistance,5,7,3,10,Troiken
2024-07-11 09:20:19,792,resistance_soldier,empire,2,8,4,3,Tholoth
2024-07-11 09:20:18,793,stormtrooper,resistance,3,2,10,6,Eriadu
2024-07-11 09:20:17,794,resistance_soldier,resistance,2,3,2,10,Chandrila
2024-07-11 09:20:16,795,at-st,resistance,10,9,5,3,Quermia
2024-07-11 09:20:15,796,unknown,resistance,5,2,10,4,Mirial
2024-07-11 09:20:14,797,at-st,resistance,6,8,7,8,Champala
2024-07-11 09:20:13,798,tie_silencer,resistance,6,3,3,7,Tholoth
2024-07-11 09:20:12,799,unknown,empire,5,9,8,10,Bestine IV
2024-07-11 09:20:11,800,tie_silencer,empire,9,7,10,3,Dathomir
2024-07-11 09:20:10,801,at-st,empire,9,5,4,1,Sullust
2024-07-11 09:20:09,802,x-wing,empire,8,6,1,3,Champala
2024-07-11 09:20:08,803,stormtrooper,empire,10,2,6,6,Kashyyyk
2024-07-11 09:20:07,804,at-st,empire,3,2,8,2,Ojom
2024-07-11 09:20:06,805,resistance_soldier,empire,5,2,6,4,Umbara
2024-07-11 09:20:05,806,unknown,resistance,3,8,4,5,Dorin
2024-07-11 09:20:04,807,tie_fighter,empire,10,8,9,5,Toydaria
2024-07-11 09:20:03,808,unknown,empire,8,8,8,8,Haruun Kal
2024-07-11 09:20:02,809,unknown,empire,2,10,7,2,Iktotch
2024-07-11 09:20:01,810,tie_silencer,empire,6,6,8,10,Rodia
2024-07-11 09:20:00,811,unknown,resistance,7,9,6,3,Dagobah
2024-07-11 09:19:59,812,x-wing,empire,2,8,4,7,Shili
2024-07-11 09:19:58,813,resistance_soldier,resistance,9,6,6,1,Tholoth
2024-07-11 09:19:57,814,x-wing,resistance,2,10,2,2,Iktotch
2024-07-11 09:19:56,815,tie_fighter,empire,4,2,10,4,Stewjon
2024-07-11 09:19:55,816,x-wing,resistance,2,4,4,1,Iridonia
2024-07-11 09:19:54,817,at-st,resistance,9,4,6,10,Dagobah
2024-07-11 09:19:53,818,x-wing,empire,7,10,3,3,Chandrila
2024-07-11 09:19:52,819,tie_silencer,empire,6,4,1,7,Quermia
2024-07-11 09:19:51,820,resistance_soldier,resistance,4,7,7,9,Iridonia
2024-07-11 09:19:50,821,unknown,resistance,8,1,5,10,Cerea
2024-07-11 09:19:49,822,stormtrooper,empire,2,4,10,10,Trandosha
2024-07-11 09:19:48,823,at-st,resistance,1,2,6,8,Mon Cala
2024-07-11 09:19:47,824,tie_silencer,resistance,3,8,2,10,Chandrila
2024-07-11 09:19:46,825,unknown,resistance,10,9,10,9,Mon Cala
2024-07-11 09:19:45,826,at-at,resistance,10,6,4,2,Socorro
2024-07-11 09:19:44,827,unknown,resistance,5,3,6,4,Skako
2024-07-11 09:19:43,828,at-at,empire,6,8,7,3,Dagobah
2024-07-11 09:19:42,829,tie_silencer,resistance,10,2,8,1,Chandrila
2024-07-11 09:19:41,830,at-st,resistance,2,5,2,3,Iridonia
2024-07-11 09:19:40,831,stormtrooper,resistance,8,4,4,10,Dorin
2024-07-11 09:19:39,832,at-at,empire,7,1,2,5,Glee Anselm
2024-07-11 09:19:38,833,at-at,empire,3,6,5,9,Cerea
2024-07-11 09:19:37,834,unknown,resistance,8,9,2,5,Ojom
2024-07-11 09:19:36,835,tie_fighter,resistance,1,9,1,9,Troiken
2024-07-11 09:19:35,836,resistance_soldier,resistance,6,4,4,4,Dorin
2024-07-11 09:19:34,837,stormtrooper,resistance,4,1,8,2,Naboo
2024-07-11 09:19:33,838,at-at,empire,5,8,4,9,Kashyyyk
2024-07-11 09:19:32,839,at-st,resistance,5,4,6,8,Socorro
2024-07-11 09:19:31,840,tie_silencer,empire,2,10,2,6,Concord Dawn
2024-07-11 09:19:30,841,x-wing,resistance,6,1,5,5,Bestine IV
2024-07-11 09:19:29,842,resistance_soldier,resistance,6,6,2,6,Kalee
2024-07-11 09:19:28,843,tie_silencer,empire,4,9,7,4,Tatooine
2024-07-11 09:19:27,844,at-at,resistance,5,7,1,2,Alderaan
2024-07-11 09:19:26,845,tie_silencer,empire,9,4,9,5,Haruun Kal
2024-07-11 09:19:25,846,resistance_soldier,resistance,6,9,2,2,Iridonia
2024-07-11 09:19:24,847,unknown,empire,6,10,10,5,Sullust
2024-07-11 09:19:23,848,x-wing,empire,7,2,5,5,Iktotch
2024-07-11 09:19:22,849,tie_silencer,resistance,10,5,7,7,Kalee
2024-07-11 09:19:21,850,unknown,resistance,8,7,4,9,Tund
2024-07-11 09:19:20,851,tie_silencer,resistance,5,9,8,7,Aleen Minor
2024-07-11 09:19:19,852,unknown,empire,6,1,9,10,Ojom
2024-07-11 09:19:18,853,unknown,resistance,6,1,3,6,Cerea
2024-07-11 09:19:17,854,tie_fighter,resistance,4,3,1,1,Glee Anselm
2024-07-11 09:19:16,855,x-wing,resistance,3,10,3,8,Tund
2024-07-11 09:19:15,856,x-wing,resistance,7,2,8,6,Umbara
2024-07-11 09:19:14,857,stormtrooper,resistance,7,7,7,2,Zolan
2024-07-11 09:19:13,858,tie_silencer,resistance,3,4,10,2,Serenno
2024-07-11 09:19:12,859,tie_silencer,resistance,2,1,4,2,Shili
2024-07-11 09:19:11,860,resistance_soldier,empire,4,1,8,9,Mirial
2024-07-11 09:19:10,861,at-st,resistance,1,5,8,4,Malastare
2024-07-11 09:19:09,862,unknown,empire,10,10,10,6,Stewjon
2024-07-11 09:19:08,863,tie_fighter,resistance,5,5,2,7,Kashyyyk
2024-07-11 09:19:07,864,tie_fighter,empire,10,2,3,6,Dathomir
2024-07-11 09:19:06,865,resistance_soldier,empire,6,8,4,9,Muunilinst
2024-07-11 09:19:05,866,tie_fighter,empire,10,1,9,10,Quermia
2024-07-11 09:19:04,867,resistance_soldier,empire,1,3,3,8,Malastare
2024-07-11 09:19:03,868,unknown,resistance,1,5,2,2,Vulpter
2024-07-11 09:19:02,869,tie_silencer,resistance,6,3,1,5,Mirial
2024-07-11 09:19:01,870,stormtrooper,empire,4,5,9,7,Cerea
2024-07-11 09:19:00,871,tie_fighter,resistance,3,6,7,7,Alderaan
2024-07-11 09:18:59,872,unknown,resistance,7,6,6,4,Dorin
2024-07-11 09:18:58,873,tie_silencer,resistance,7,1,2,10,Socorro
2024-07-11 09:18:57,874,stormtrooper,resistance,1,10,8,4,Eriadu
2024-07-11 09:18:56,875,resistance_soldier,empire,4,6,7,6,Ryloth
2024-07-11 09:18:55,876,tie_silencer,empire,1,6,5,2,Umbara
2024-07-11 09:18:54,877,unknown,resistance,2,5,2,4,Shili
2024-07-11 09:18:53,878,x-wing,resistance,6,9,7,2,Bestine IV
2024-07-11 09:18:52,879,tie_silencer,resistance,5,6,10,1,Cerea
2024-07-11 09:18:51,880,tie_fighter,resistance,6,7,1,3,Troiken
2024-07-11 09:18:50,881,at-st,resistance,7,8,10,7,Chandrila
2024-07-11 09:18:49,882,unknown,resistance,8,8,4,6,Glee Anselm
2024-07-11 09:18:48,883,tie_fighter,empire,5,5,7,2,Cerea
2024-07-11 09:18:47,884,unknown,empire,8,10,8,4,Glee Anselm
2024-07-11 09:18:46,885,at-st,empire,7,5,1,3,Kalee
2024-07-11 09:18:45,886,x-wing,empire,2,10,6,8,Skako
2024-07-11 09:18:44,887,tie_silencer,empire,2,4,5,6,Iridonia
2024-07-11 09:18:43,888,tie_fighter,empire,9,4,2,6,Iktotch
2024-07-11 09:18:42,889,stormtrooper,resistance,4,7,6,9,Ojom
2024-07-11 09:18:41,890,tie_fighter,empire,7,4,10,3,Bestine IV
2024-07-11 09:18:40,891,at-at,resistance,2,8,10,5,Ryloth
2024-07-11 09:18:39,892,unknown,resistance,1,5,4,6,Corellia
2024-07-11 09:18:38,893,x-wing,empire,9,8,6,3,Dathomir
2024-07-11 09:18:37,894,resistance_soldier,resistance,7,5,2,7,Zolan
2024-07-11 09:18:36,895,at-at,resistance,7,1,8,3,Aleen Minor
2024-07-11 09:18:35,896,tie_fighter,empire,4,8,8,10,Chandrila
2024-07-11 09:18:34,897,tie_fighter,resistance,9,8,1,9,Socorro
2024-07-11 09:18:33,898,stormtrooper,empire,6,2,10,3,Ojom
2024-07-11 09:18:32,899,at-st,empire,7,9,8,7,Vulpter
2024-07-11 09:18:31,900,resistance_soldier,empire,9,8,7,2,Bestine IV
2024-07-11 09:18:30,901,tie_fighter,empire,4,4,2,5,Dagobah
2024-07-11 09:18:29,902,at-at,resistance,5,6,10,3,Quermia
2024-07-11 09:18:28,903,stormtrooper,resistance,9,4,3,8,Champala
2024-07-11 09:18:27,904,stormtrooper,resistance,6,6,3,3,Corellia
2024-07-11 09:18:26,905,tie_silencer,resistance,2,2,1,10,Umbara
2024-07-11 09:18:25,906,x-wing,resistance,4,3,7,8,Rodia
2024-07-11 09:18:24,907,at-st,resistance,1,5,1,6,Mon Cala
2024-07-11 09:18:23,908,tie_silencer,resistance,3,9,7,7,Malastare
2024-07-11 09:18:22,909,tie_fighter,resistance,8,1,5,5,Haruun Kal
2024-07-11 09:18:21,910,stormtrooper,resistance,7,2,2,8,Umbara
2024-07-11 09:18:20,911,at-st,empire,6,6,7,6,Dagobah
2024-07-11 09:18:19,912,resistance_soldier,resistance,2,7,5,9,Ryloth
2024-07-11 09:18:18,913,tie_silencer,resistance,2,4,5,5,Rodia
2024-07-11 09:18:17,914,tie_silencer,resistance,6,9,9,4,Alderaan
2024-07-11 09:18:16,915,unknown,resistance,7,6,4,2,Kashyyyk
2024-07-11 09:18:15,916,unknown,resistance,2,2,3,2,Stewjon
2024-07-11 09:18:14,917,at-st,empire,9,5,5,10,Bestine IV
2024-07-11 09:18:13,918,unknown,resistance,5,7,8,5,Iktotch
2024-07-11 09:18:12,919,at-st,empire,1,5,3,3,Vulpter
2024-07-11 09:18:11,920,x-wing,resistance,10,8,7,6,Trandosha
2024-07-11 09:18:10,921,tie_silencer,empire,1,3,1,2,Mirial
2024-07-11 09:18:09,922,stormtrooper,empire,9,10,3,1,Iktotch
2024-07-11 09:18:08,923,unknown,empire,6,2,10,2,Troiken
2024-07-11 09:18:07,924,stormtrooper,resistance,8,8,9,3,Haruun Kal
2024-07-11 09:18:06,925,unknown,empire,10,5,8,8,Cerea
2024-07-11 09:18:05,926,tie_fighter,empire,6,6,2,2,Vulpter
2024-07-11 09:18:04,927,x-wing,empire,5,2,8,5,Sullust
2024-07-11 09:18:03,928,unknown,empire,7,5,2,6,Tatooine
2024-07-11 09:18:02,929,resistance_soldier,empire,8,3,6,3,Trandosha
2024-07-11 09:18:01,930,x-wing,resistance,9,5,6,5,Stewjon
2024-07-11 09:18:00,931,stormtrooper,resistance,2,8,9,1,Alderaan
2024-07-11 09:17:59,932,at-st,resistance,9,5,9,5,Zolan
2024-07-11 09:17:58,933,unknown,empire,3,10,8,2,Mon Cala
2024-07-11 09:17:57,934,tie_silencer,empire,6,5,1,8,Mon Cala
2024-07-11 09:17:56,935,resistance_soldier,resistance,7,2,2,5,Ryloth
2024-07-11 09:17:55,936,at-at,empire,9,10,8,7,Quermia
2024-07-11 09:17:54,937,tie_silencer,resistance,10,3,1,5,Ryloth
2024-07-11 09:17:53,938,at-st,resistance,4,4,8,9,Serenno
2024-07-11 09:17:52,939,resistance_soldier,empire,5,9,6,6,Skako
2024-07-11 09:17:51,940,x-wing,empire,9,2,3,6,Corellia
2024-07-11 09:17:50,941,unknown,resistance,9,1,5,10,Haruun Kal
2024-07-11 09:17:49,942,resistance_soldier,empire,1,7,1,6,Dagobah
2024-07-11 09:17:48,943,unknown,resistance,10,3,4,2,Cerea
2024-07-11 09:17:47,944,at-st,resistance,6,2,8,1,Glee Anselm
2024-07-11 09:17:46,945,tie_fighter,empire,1,9,10,3,Kalee
2024-07-11 09:17:45,946,at-at,resistance,9,1,3,8,Ojom
2024-07-11 09:17:44,947,tie_silencer,empire,7,2,3,3,Serenno
2024-07-11 09:17:43,948,x-wing,resistance,1,2,10,10,Eriadu
2024-07-11 09:17:42,949,stormtrooper,empire,10,3,6,8,Corellia
2024-07-11 09:17:41,950,unknown,resistance,10,7,9,4,Champala
2024-07-11 09:17:40,951,tie_silencer,empire,4,4,7,2,Skako
2024-07-11 09:17:39,952,at-at,empire,9,1,7,9,Tholoth
2024-07-11 09:17:38,953,resistance_soldier,empire,4,3,3,2,Tatooine
2024-07-11 09:17:37,954,at-at,empire,3,5,9,2,Naboo
2024-07-11 09:17:36,955,tie_silencer,resistance,4,4,4,10,Troiken
2024-07-11 09:17:35,956,tie_fighter,empire,7,4,8,8,Vulpter
2024-07-11 09:17:34,957,stormtrooper,empire,4,2,9,10,Stewjon
2024-07-11 09:17:33,958,tie_fighter,empire,6,4,9,3,Naboo
2024-07-11 09:17:32,959,tie_silencer,empire,6,3,6,1,Cerea
2024-07-11 09:17:31,960,tie_silencer,resistance,5,9,4,8,Troiken
2024-07-11 09:17:30,961,tie_fighter,resistance,10,8,10,5,Skako
2024-07-11 09:17:29,962,at-at,resistance,5,5,2,1,Haruun Kal
2024-07-11 09:17:28,963,tie_fighter,resistance,3,6,9,8,Alderaan
2024-07-11 09:17:27,964,unknown,empire,2,9,9,10,Troiken
2024-07-11 09:17:26,965,tie_silencer,empire,3,5,8,7,Concord Dawn
2024-07-11 09:17:25,966,at-at,empire,8,9,6,2,Cerea
2024-07-11 09:17:24,967,resistance_soldier,resistance,4,3,4,3,Shili
2024-07-11 09:17:23,968,tie_fighter,resistance,2,5,2,10,Mon Cala
2024-07-11 09:17:22,969,at-at,empire,10,3,6,2,Glee Anselm
2024-07-11 09:17:21,970,at-at,empire,10,7,1,9,Quermia
2024-07-11 09:17:20,971,resistance_soldier,empire,7,8,7,8,Corellia
2024-07-11 09:17:19,972,tie_fighter,empire,5,7,5,10,Troiken
2024-07-11 09:17:18,973,tie_fighter,resistance,1,9,9,10,Concord Dawn
2024-07-11 09:17:17,974,tie_silencer,resistance,3,10,5,2,Vulpter
2024-07-11 09:17:16,975,resistance_soldier,empire,2,4,4,10,Rodia
2024-07-11 09:17:15,976,unknown,resistance,6,6,7,2,Quermia
2024-07-11 09:17:14,977,x-wing,resistance,10,10,10,6,Tholoth
2024-07-11 09:17:13,978,tie_fighter,empire,8,5,4,5,Kalee
2024-07-11 09:17:12,979,stormtrooper,resistance,8,4,7,3,Mirial
2024-07-11 09:17:11,980,tie_silencer,empire,6,4,8,6,Tatooine
2024-07-11 09:17:10,981,at-at,resistance,4,2,7,9,Quermia
2024-07-11 09:17:09,982,at-st,resistance,10,10,4,6,Tholoth
2024-07-11 09:17:08,983,tie_silencer,resistance,8,9,1,2,Naboo
2024-07-11 09:17:07,984,at-st,empire,8,1,9,8,Alderaan
2024-07-11 09:17:06,985,at-st,resistance,10,5,8,8,Aleen Minor
2024-07-11 09:17:05,986,tie_fighter,resistance,8,10,2,10,Trandosha
2024-07-11 09:17:04,987,x-wing,empire,1,4,10,10,Iridonia
2024-07-11 09:17:03,988,x-wing,empire,7,2,6,5,Socorro
2024-07-11 09:17:02,989,stormtrooper,empire,4,10,4,4,Corellia
2024-07-11 09:17:01,990,tie_fighter,resistance,2,2,6,5,Iktotch
2024-07-11 09:17:00,991,at-at,resistance,6,8,2,3,Umbara
2024-07-11 09:16:59,992,unknown,empire,5,4,1,7,Socorro
2024-07-11 09:16:58,993,stormtrooper,resistance,8,5,4,9,Dathomir
2024-07-11 09:16:57,994,resistance_soldier,resistance,5,4,2,9,Naboo
2024-07-11 09:16:56,995,at-at,empire,9,5,4,10,Cerea
2024-07-11 09:16:55,996,unknown,resistance,2,9,7,3,Iktotch
2024-07-11 09:16:54,997,unknown,resistance,3,6,2,8,Glee Anselm
2024-07-11 09:16:53,998,resistance_soldier,resistance,4,2,5,6,Rodia
2024-07-11 09:16:52,999,at-at,empire,8,9,10,9,Champala
2024-07-11 09:16:51,1000,tie_silencer,resistance,8,9,1,5,Tholoth
